,age_group,smoking_rate_male_adjusted,smoking_rate_female_adjusted
0,18–24,0.26459405940594055,0.204
1,25–34,0.38059063343251076,0.29343247310445486
2,35–44,0.3521003294101427,0.2714666661864459
3,45–54,0.37511060441344174,0.2892074125630352
4,55–64,0.3483174406669828,0.2685500878424829
5,65–74,0.19637763911976633,0.15140566069539238
6,75+,0.12643755261584805,0.09748238789466147
